background-dark.svg	33293	image	600	1039
background.svg	33277	image	600	1039
bannerlist.html	1289	unknown
categories.txt	2991	document
chalk-bg-b.png	8536	image	360	90
chalk-bg-w.png	8536	image	360	90
date.html	4660	unknown
divider-end.svg	348	image	120	120
divider-fleuron-cloudy.svg	376	image	1200	120
divider-fleuron-heart.svg	1147	image	1080	120
divider-fleuron-windy.svg	4657	image	2000	120
favicon.png	3541	image	64	64
framework.html	8914	unknown
item.html	1730	unknown
items/28-days-22w/01.jpg	106386	image	912	684
items/28-days-22w/02.jpg	41088	image	638	500
items/28-days-22w/03.jpg	46163	image	683	455
items/28-days-22w/04.jpg	57747	image	912	684
items/28-days-22w/05.jpg	77238	image	912	684
items/28-days-22w/06.jpg	106691	image	730	547
items/28-days-22w/07.jpg	9645	image	274	365
items/28-days-22w/08.jpg	86140	image	763	763
items/28-days-22w/09.jpg	36099	image	540	720
items/28-days-22w/10.jpg	35513	image	405	540
items/28-days-22w/11.jpg	44562	image	540	540
items/28-days-22w/12.jpg	95504	image	684	912
items/28-days-22w/13.jpg	41700	image	540	324
items/28-days-22w/14.jpg	72863	image	540	811
items/28-days-22w/15.jpg	39862	image	540	714
items/28-days-22w/16.jpg	65670	image	912	684
items/28-days-22w/17.jpg	43583	image	540	491
items/28-days-22w/18.jpg	58348	image	684	912
items/28-days-22w/19.jpg	57995	image	1080	810
items/28-days-22w/20.jpg	66255	image	684	912
items/28-days-22w/21.jpg	74136	image	1080	810
items/28-days-22w/22.jpg	33942	image	540	634
items/28-days-22w/23.jpg	75163	image	540	1102
items/28-days-22w/24.jpg	105459	image	1080	1080
items/28-days-22w/25.jpg	32544	image	1074	630
items/28-days-22w/26.jpg	48421	image	1084	638
items/28-days-22w/27.jpg	116067	image	540	949
items/28-days-22w/27a.jpg	30871	image	627	227
items/28-days-22w/28.jpg	72031	image	540	712
items/28-days-22w/cover_dandan.jpg	26672	image	400	400
items/28-days-22w/cover_nonnon.jpg	17865	image	250	250
items/28-days-22w/kuaile_shouzhang.mp4	17876608	video	117	1078	638
items/aakami/AAKAMI.love	1495665	unknown
items/aakami/IMG_20190825_181704.jpg	126628	image	992	744
items/aakami/illustration20.png	8290	image	320	240
items/aakami/play/game.data	1495665	unknown
items/aakami/play/game.js	11420	code
items/aakami/play/index.html	4719	unknown
items/aakami/play/love.js	325312	code
items/aakami/play/love.wasm	4702493	unknown
items/about/IMG_20220505_113339_mh1651727711263.jpg	121653	image	684	749
items/about/games.png	22585	image	600	240
items/about/music/212.jpg	22891	image	250	250
items/about/music/hitchcock.jpg	13637	image	271	270
items/about/music/hitori.jpg	26704	image	348	348
items/about/music/hotaru.jpg	14387	image	250	250
items/about/music/hundreds.jpg	18600	image	250	250
items/about/music/rjqs.jpg	22004	image	300	300
items/about/nichijou.jpg	51732	image	640	360
items/about/page.css	2667	unknown
items/about/portrait.jpg	98017	image	672	756
items/adventure/.gitignore	32	unknown
items/adventure/Azu1.png	20386	image	360	640
items/adventure/Azu2.png	24114	image	360	640
items/adventure/Azu3.png	22434	image	360	640
items/adventure/IMG_20221126_183545.jpg	61697	image	800	800
items/adventure/IMG_20221130_145907.jpg	131604	image	1368	1824
items/adventure/Oli1.png	16555	image	360	640
items/adventure/Oli2.png	17224	image	360	640
items/adventure/Tan1.png	19467	image	360	640
items/adventure/Tan2.png	23173	image	360	640
items/adventure/Tan3.png	19851	image	360	640
items/adventure/Tan4.png	15729	image	360	640
items/adventure/Vio1.png	26836	image	360	640
items/adventure/Vio2.png	27643	image	360	640
items/adventure/Vio3.png	15507	image	360	640
items/adventure/Vio4.png	19045	image	360	640
items/adventure/notes.txt	111	document
items/adventure/run.sh	548	unknown
items/adventure/stb_image.h	279339	code
items/adventure/stb_image_write.h	71221	code
items/adventure/unifystrokes.c	6617	code
items/bellflowers/Bellflowers_Wonderland.ogg	4340151	audio	252
items/bellflowers/Bellflowers_Wonderland.tracktionedit	334735	musicnotes
items/courses-21/Crescent_Moon.mp3	4466232	audio	223
items/courses-21/Iron_Man.mp4	9889886	video	203	640	266
items/courses-21/Iron_Man.mscz	55061	score
items/courses-21/Sound_Design_Love.mp4	3826291	video	89	640	360
items/courses-21/Sound_Design_Spy.mp4	2702791	video	83	640	360
items/courses-21/Sound_Design_Suspense.mp3	1748178	audio	87
items/courses-21/Sound_Design_Travel.mp4	3125577	video	63	640	360
items/courses-21/scripts.sh	694	unknown
items/dates/page.css	984	unknown
items/days-drumbeats/0209a.jpg	93329	image	762	492
items/days-drumbeats/0209b.jpg	110012	image	985	809
items/days-drumbeats/0210a.jpg	174823	image	912	684
items/days-drumbeats/0210b.jpg	182213	image	684	912
items/days-drumbeats/0210c.jpg	194224	image	912	684
items/days-drumbeats/0210d.jpg	174160	image	912	684
items/days-drumbeats/0210e.jpg	160912	image	912	684
items/days-drumbeats/0211a.jpg	129381	image	912	595
items/days-drumbeats/0212a.jpg	102748	image	730	547
items/days-drumbeats/0214a.jpg	77726	image	550	978
items/days-drumbeats/0214b.jpg	106138	image	912	684
items/days-drumbeats/0214c.jpg	60975	image	730	547
items/days-drumbeats/0216-line1.png	74121	image	539	959
items/days-drumbeats/0216-line2.png	71640	image	959	539
items/days-drumbeats/0216a.jpg	20176	image	592	320
items/days-drumbeats/0217-line1.png	43725	image	738	350
items/days-drumbeats/0218-line1.png	34405	image	621	372
items/days-drumbeats/0218-line2.png	36472	image	1019	435
items/days-drumbeats/0218-line3.png	48189	image	851	467
items/days-drumbeats/0218-line4.png	45175	image	982	333
items/days-drumbeats/0218-line5.png	38358	image	744	503
items/days-drumbeats/0218a.jpg	115031	image	803	2443
items/days-drumbeats/0218b.jpg	116956	image	684	912
items/days-drumbeats/0218c.jpg	64414	image	615	775
items/days-drumbeats/0218d.jpg	145652	image	770	1116
items/days-drumbeats/0219-line1.png	36087	image	552	421
items/days-drumbeats/0219-line2.png	67231	image	935	522
items/days-drumbeats/0219-line3.png	14463	image	409	199
items/days-drumbeats/0219a.jpg	95410	image	912	684
items/days-rabbit/0124a.jpg	138584	image	547	730
items/days-rabbit/0124b.jpg	148398	image	730	547
items/days-rabbit/0124c.jpg	140523	image	547	730
items/days-rabbit/0124d.jpg	142965	image	684	912
items/days-rabbit/0124e.jpg	91317	image	478	644
items/days-rabbit/0124f.jpg	142683	image	730	547
items/days-rabbit/0124g.jpg	124594	image	540	649
items/days-rabbit/0125a.jpg	127328	image	684	912
items/days-rabbit/0125b.jpg	78246	image	540	720
items/days-rabbit/0125c.jpg	185284	image	684	912
items/days-rabbit/0125d.jpg	23761	image	703	540
items/days-rabbit/0125e.jpg	140624	image	912	684
items/days-rabbit/0125f.jpg	184119	image	684	912
items/days-rabbit/0125g.jpg	111177	image	711	540
items/days-rabbit/0128a.jpg	137193	image	912	684
items/days-rabbit/0128b.jpg	37880	image	912	684
items/days-rabbit/0128c.jpg	139101	image	684	912
items/days-rabbit/0128d.jpg	160037	image	1080	1080
items/days-rabbit/0128e.jpg	109676	image	684	912
items/days-rabbit/0128f.jpg	65079	image	540	540
items/days-rabbit/0128g.jpg	87098	image	912	684
items/days-rabbit/0128h.jpg	198664	image	684	912
items/days-rabbit/0129a.jpg	110465	image	912	684
items/days-rabbit/0129b.jpg	184594	image	671	893
items/days-rabbit/0129c.jpg	25947	image	376	547
items/days-rabbit/0129d.jpg	112832	image	684	912
items/days-rabbit/0129e.jpg	70698	image	540	720
items/days-rabbit/0129f.jpg	218095	image	1024	1024
items/days-rabbit/0129g.jpg	40087	image	351	538
items/days-rabbit/0129h.jpg	187398	image	912	684
items/days-rabbit/0129i.jpg	109734	image	898	641
items/days-rabbit/0131-line1.png	31084	image	744	878
items/days-rabbit/0131-line2.png	34537	image	798	790
items/days-rabbit/0131a.jpg	185277	image	912	684
items/days-rabbit/0131b.jpg	166936	image	730	547
items/days-rabbit/0131c.jpg	62011	image	789	539
items/days-rabbit/0131d.jpg	119011	image	684	912
items/days-rabbit/0131e.jpg	77849	image	833	473
items/days-rabbit/0201-line1.png	22277	image	540	320
items/days-rabbit/0201a.jpg	44361	image	535	536
items/days-rabbit/0201b.jpg	97589	image	684	912
items/days-rabbit/0201c.jpg	21601	image	960	540
items/days-rabbit/0201d.jpg	26687	image	960	540
items/days-rabbit/0202a.jpg	83175	image	730	547
items/days-rabbit/0202b.jpg	155194	image	912	684
items/days-rabbit/0202c.jpg	73450	image	912	684
items/days-rabbit/0202d.jpg	101949	image	730	547
items/days-rabbit/0202e.jpg	131721	image	912	684
items/days-rabbit/0202f.jpg	117998	image	912	684
items/days-rabbit/0202g.jpg	160613	image	730	547
items/days-rabbit/0202h.jpg	108379	image	547	730
items/days-rabbit/0203-line1.png	22998	image	490	731
items/days-rabbit/0204a.jpg	98426	image	684	912
items/days-rabbit/0204b.jpg	34655	image	405	472
items/days-rabbit/0204c.jpg	151044	image	684	912
items/days-rabbit/0204d.jpg	144321	image	912	684
items/days-rabbit/0204e.jpg	94369	image	684	912
items/days-rabbit/0205a.jpg	125141	image	684	912
items/days-rabbit/0205b.jpg	115210	image	684	912
items/days-rabbit/0205c.jpg	64849	image	912	684
items/days-rabbit/0205d.jpg	80424	image	912	684
items/days-rabbit/0205e.jpg	79689	image	912	684
items/days-rabbit/0205f.jpg	134290	image	912	684
items/days-rabbit/0205g.jpg	27427	image	365	274
items/days-rabbit/0205h.jpg	125776	image	912	684
items/days-rabbit/20230205_192145.mp3	261120	audio	16
items/days-rabbit/fin.jpg	68736	image	1368	1824
items/daytime-cat/cover.png	26286	image	900	240
items/daytime-cat/play/game.data	48550	unknown
items/daytime-cat/play/game.js	11416	code
items/daytime-cat/play/index.html	4719	unknown
items/daytime-cat/play/love.js	325312	code
items/daytime-cat/play/love.wasm	4702493	unknown
items/daytime-cat/screenshot.png	67714	image	720	480
items/fhxl-rehousing/kernel.png	15455	image	1020	335
items/fhxl-rehousing/noclose.jpg	15304	image	300	300
items/fhxl-rehousing/shell.png	10790	image	894	162
items/fhxl-rehousing/stackexchange.png	11016	image	621	128
items/fhxl/cover.jpg	93744	image	675	750
items/fhxl/gh_a77036b8112b.jpg	32970	image	215	215
items/fireflies/IMG_20220214_132810.jpg	53446	image	547	410
items/fireflies/cover.png	47073	image	540	200
items/fireflies/play/fireflies.zip	3581506	unknown
items/fireflies/play/index.data	3414829	unknown
items/fireflies/play/index.html	566	unknown
items/fireflies/play/index.js	206390	code
items/fireflies/play/index.wasm	613680	unknown
items/fireflies/screenshot.jpg	34780	image	800	500
items/friends/alicez-bg.png	9552	image	511	300
items/friends/alicez.png	33251	image	1485	871
items/friends/build.sh	669	unknown
items/friends/chiyuru-bg.png	14204	image	581	300
items/friends/chiyuru.png	98284	image	2008	1036
items/friends/gregueria-bg.png	7523	image	314	300
items/friends/gregueria.png	72133	image	1140	1090
items/friends/indiewebring-bg.png	9497	image	506	300
items/friends/indiewebring.png	44295	image	1468	870
items/friends/miyehn-bg.png	4445	image	281	300
items/friends/miyehn.png	17560	image	683	730
items/friends/orangii-bg.png	8203	image	300	300
items/friends/orangii.png	41005	image	939	940
items/friends/page.html	6831	unknown
items/friends/pieris-bg.png	9314	image	419	300
items/friends/pieris.png	34082	image	1015	727
items/friends/tianxianzi-bg.png	9439	image	750	300
items/friends/tianxianzi.png	45782	image	2250	900
items/friends/travellings-bg.png	6085	image	492	300
items/friends/travellings.png	15114	image	1234	752
items/friends/xhhdd-bg.png	10580	image	548	300
items/friends/xhhdd.png	66368	image	1797	983
items/friends/xxiivv-webring-bg.png	6190	image	600	300
items/friends/xxiivv-webring.png	17351	image	1200	600
items/gradatim/Gradatim_1.jpg	75030	image	1080	720
items/gradatim/Gradatim_2.jpg	135756	image	1080	720
items/gradatim/Gradatim_trailer.mp4	1257564	video	32	540	360
items/ice-hatch/cover.png	22420	image	650	500
items/ice-hatch/play/game.data	84924	unknown
items/ice-hatch/play/game.js	11416	code
items/ice-hatch/play/index.html	4717	unknown
items/ice-hatch/play/love.js	325312	code
items/ice-hatch/play/love.wasm	4702493	unknown
items/ice-hatch/screenshot1.png	14400	image	540	360
items/ice-hatch/screenshot2.png	19453	image	540	360
items/index/fish.png	2116	image	60	60
items/index/page.css	1727	unknown
items/leaving/IMG_20221130_151158.jpg	57870	image	912	684
items/leaving/deteiku.mscz	52697	score
items/leaving/deteiku.ogg	2269069	audio	194
items/leaving/deteiku.pdf	258873	document	13
items/lili/Lili__Call_you_Lili.mscz	30589	score
items/lili/Lili__Good_morning.mscz	26240	score
items/lili/Lili__Into_a_Blossom.mp4	15047848	video	268	720	390
items/lili/Lili__Into_a_Blossom.pdf	612314	document	27
items/lili/cover.jpg	22340	image	720	240
items/maylove-ex-22/IMG_4659.jpg	118075	image	642	950
items/maylove-ex-22/IMG_4661.jpg	206570	image	642	418
items/maylove-ex-22/cover.jpg	37199	image	720	420
items/maylove-ex-22/game.jpg	43529	image	794	300
items/maylove-ex-22/play/game.data	849602	unknown
items/maylove-ex-22/play/game.js	11418	code
items/maylove-ex-22/play/index.html	4721	unknown
items/maylove-ex-22/play/love.js	325312	code
items/maylove-ex-22/play/love.wasm	4702493	unknown
items/medle/cover.png	24623	image	960	360
items/misty-jungle/Misty Jungle.mp3	5333994	audio	333
items/misty-jungle/Misty Jungle.mscz	58927	score
items/misty-jungle/Misty Jungle.pdf	401794	document	17
items/misty-jungle/cover.jpg	109596	image	1000	600
items/ne-er-do-well/instr_CONFESSION_OF_A_NE'ER_DO_WELL.mid	19891	musicnotes
items/ne-er-do-well/instr_CONFESSION_OF_A_NE'ER_DO_WELL.mp3	4035940	audio	167
items/ne-er-do-well/lead_CONFESSION_OF_A_NE'ER_DO_WELL.pdf	1478407	document	2
items/patchwork/illust.png	19803	image	800	560
items/rabbit-hole/cat.jpg	51820	image	798	448
items/rabbit-hole/cover.jpg	56098	image	958	539
items/rabbit-hole/particles.jpg	100074	image	1280	720
items/rabbit-hole/pbr-ibl.jpg	60758	image	770	376
items/rabbit-hole/squirrel.jpg	84714	image	958	538
items/revlog/2022-10.txt	3086	document
items/revlog/2022-11.txt	2533	document
items/revlog/2022-12.txt	1779	document
items/revlog/atom.xml	1374	unknown
items/revlog/rss.xml	1096	unknown
items/sheepdogs-work/Sheepdogs_at_Work.ogg	1781851	audio	98
items/sheepdogs-work/Sheepdogs_at_Work.tracktionedit	502306	musicnotes
items/sheepdogs-work/Sheepdogs_on_Vacation.ogg	1591811	audio	84
items/sheepdogs-work/Sheepdogs_on_Vacation.tracktionedit	2325982	musicnotes
items/sheepdogs/CiGAGJ-2021.jpg	132316	image	860	704
items/sheepdogs/cover.jpg	110412	image	1351	550
items/sheepdogs/play/.caisse.json	19	unknown
items/sheepdogs/play/game.data	4715054	unknown
items/sheepdogs/play/game.js	11420	code
items/sheepdogs/play/index.html	4723	unknown
items/sheepdogs/play/love.js	385958	code
items/sheepdogs/play/love.wasm	4727939	unknown
items/sheepdogs/play/love.worker.js	3423	code
items/sunshine/IMG_20190705_175742.jpg	233884	image	1884	1140
items/sunshine/IMG_20190707_173644.jpg	194313	image	744	992
items/sunshine/IMG_20190708_010812.jpg	288010	image	992	744
items/sunshine/UnderSunshine_trailer.mp4	916202	video	30	640	400
items/sunshine/cover.jpg	70682	image	800	450
items/tilde/icon_large.png	146	image	76	76
items/tilde/screenshot.png	99354	image	621	387
items/tilde/tilde-seq-7df9714.zip	256085	unknown
items/traviata/image-01.png	9724	image	350	131
items/traviata/image-02.png	22941	image	512	262
items/traviata/image-03.png	33965	image	748	288
items/traviata/image-04.png	58943	image	795	588
items/traviata/image-05.png	13888	image	215	258
items/traviata/image-06.png	13151	image	361	285
items/traviata/image-07.png	26771	image	549	341
items/traviata/image-08.png	25379	image	462	323
items/traviata/image-09.png	31625	image	603	312
items/traviata/image-10.png	25649	image	602	238
items/traviata/image-11.png	34132	image	569	371
items/traviata/image-12.png	18049	image	774	124
items/traviata/image-13.png	14911	image	298	369
items/traviata/image-14.png	27521	image	739	235
items/traviata/image-15.png	17242	image	351	253
items/traviata/image-16.png	29416	image	639	345
items/traviata/image-17.png	24868	image	473	278
items/traviata/process.sh	308	unknown
items/vividness/Vividness_Damped.mp4	16195360	video	346	1920	1200
items/vividness/Vividness_Damped.mscz	59079	score
items/vividness/cover.jpg	31684	image	640	384
items/vividness/links.lua	2037	code
items/vividness/links.sh	372	unknown
items/vividness/main.lua	3112	code
items/webfont/test-monotonicity.c	1292	code
items/webfont/webfont-en.svg	26245	image	720	360
items/webfont/webfont-zh.svg	29148	image	720	360
items/wings/Broken Angel Wings.ogg	3811350	audio	280
items/wings/Broken Angel Wings.pdf	158973	document	4
items/wings/cover.jpg	134210	image	800	800
items/yukisora/cover.jpg	22753	image	280	280
items/zero/Adornment.ogg	5160906	audio	294
items/zero/Concoction.ogg	12191586	audio	96
items/zero/Concoction_a10-a.zip	20134894	unknown
items/zero/Concoction_notes.txt	4043	document
items/zero/Epigone.mp3	2288034	audio	95
items/zero/Epigone.pdf	265220	document	3
items/zero/Frivolity.mp4	16595919	video	246	640	400
items/zero/Frivolity.piximod	553262	musicnotes
items/zero/Frivolity.sh	216	unknown
items/zero/Gradus.mscz	37647	score
items/zero/Gradus.ogg	1783337	audio	122
items/zero/Heptadekka.mp4	19510797	video	589	640	400
items/zero/Heptadekka.org	51442	musicnotes
items/zero/Heptadekka.png	244665	image	2168	1424
items/zero/IMG_20190929_125506.jpg	134816	image	560	560
items/zero/Intersection.mmpz	22183	musicnotes
items/zero/Intersection.ogg	4442693	audio	219
items/zero/Juvenile.ogg	3000712	audio	176
items/zero/Juvenile.tracktionedit	183715	musicnotes
items/zero/cover.svg	1535	image	220	220
items/zzz/Zzz.mscz	101271	score
items/zzz/Zzz.ogg	2677147	audio	179
items/zzz/Zzz.pdf	706225	document	30
items/zzz/cover.jpg	185995	image	1920	1080
main.css	24387	unknown
main.js	2004	code
puffs.svg	2343	image	1200	120
timeline.html	4582	unknown
timeofday.html	1756	unknown
top-fleuron.svg	19723	image	960	90
